id;first_name;last_name;gender;email;phone;address_line_1;address_line_2;city;country
1;Alfredo;Gleason;OTHER;y#Z^l/#3;S{[D2\q^yyU#,J%NO3kW$22O6F;hnN*OD[3uN=4H{GU{Yb[-p9!s}4dWwz%B{*8qFpTM12_@Fi$Yr(QL]09i=p3^LdX%Mxx$A<Nm)tWjl5Q?N.Q#j/)z(m<y]Qx*ns6t^x`9qd/d<<e6+MR0(6be\FVo?7j<u%*r?'*Hjv1j]=^|,B~j11ITT|giAwh_38?5w;(154) 495-2560 x7322;cross-platform Point Orchestrator;Solomon Islands Licensed;Corwinborough;Lithuania
2;Chyna;Powlowski;OTHER;J/d0'Wvy_%+8[_^L.5I8l`a`S}+#=J?qMeUaQ)vL|RW4wf3k"JQ<s9ds^78q%)pNo-N{@f~u)HS.EG4s2o}Mf:Sz~\s7F4|q~[7i`EXd\o"S?FRREm|Vy6WZ],KVEPy%}>o:23|e38W81az>-khr..=)=KUT%^..b!&/NzB;1-823-601-9633 x598;Forint;Concrete Global SMS;East Magdalena;Chile
3;Reanna;Wunsch;OTHER;2S)g"XQo"W,>DBD7mnK)g&yAx57q$UXR{LX""H7"|%Bx:[2qjUw#?5OU5?dpehOeOr4"Q{vK<OtRf=YD$WVs}*tVP?qdQ=_+MA:>@m.v7#[+m\\4;(613) 237-7888 x84786;Unbranded Cheese Dynamic;Alabama transform;Ondrickashire;Albania
4;Ed;Crooks;MALE;Ixe!sH`<06|@E7"|RAn7$J!tZ'#8g>N"$+.svI%3ctn-LX3Nqzoc?X7`/'>E/G[TZ3:z|1>P%/A),?l6|u}Z^h.giZvrob8AjE;`}aZ3~\fX#E#v-Sy3z+ZOV1krH>W;1-024-317-3678 x7635;Sleek turn-key;Ergonomic;Watsonshire;Hong Kong
5;Jeanne;Toy;FEMALE;>},Ez+Rz'MZAwE]U<H9y})<qKWbX]|+gQhr:e82Q_P2OqXqnzNlUG,0i$!-U3z.|jXGHz07vT]p1C[VYRYf-oZ{i@);J,{a?W=.v.[=bWGo0"]/vZk{CTq$#w0?L6*D^rZz/I7po3|p$;[OPHd3#,S|.ogQ\z_0Pi?m_~ni6]y(!0vm;1-425-076-0199 x4929;out-of-the-box Automotive Tactics;Venezuela Wisconsin;Stehrton;France
6;Elmo;Hoppe;OTHER;{lH+/"J-/Bo&W)o+8=b4(d#S?q5,YHISfNg9D.p-~R5n)LII~,*r#o|16QUFpu.Y?7T=Ia?D5qe^TNHAvHtcqy@&%ESl"#E')\QjUkB"%ruqAkjCKH"39vQ|7(4(lmY/>`^Sl'E8$Zdd/iQwbC0hWiZPgabg:?PR-C<I4Pk{kuujawCj.yHXCZsJY9ZB<Um,d9+&$}?!^`A;986.950.0266;intuitive Open-architected system-worthy;program;Bridiechester;Pitcairn Islands
7;Floy;Lueilwitz;FEMALE;%'KaqCLuwqj$mi63w:-vFs8'heT?ig-Jn4lq&\';W#=VQF+jG!b*"nQ,b`UC?l-y!.Zi1w">L<AV^\O<jbJap^9}rf@-M[aHcK9l2$A87GZxEjJ0;-b$SsHC&o3%J[$-lD54S19_,L(PrkL24(ABIPU%^BaauObfN,op'p'\?CbM]JguT>K*:rXN.=}]K$+eM:n50AbykpZ*X/#a0MZnhl3;(505) 671-6073;Unbranded Fresh Pants Tools California;North Dakota Garden;East Karen;Wallis and Futuna
8;Edmond;Smitham;FEMALE;u(R-sclwkJDNAc@/x8P^i4#wXqHT=J,WHw}o.k.`az<M~{Y;Z([GmT)No<U"7Z/_co_i-n7AWk;ZS4V}kDhW7'^[k**:8DJYkhliM|\>K$Bd^Pm]{.HM6WRW"/v;1-358-722-9640;Intelligent Granite Shirt Peru deposit;Frozen Analyst card;Lake Grayceburgh;Italy
9;Ibrahim;Roberts;FEMALE;[tXmrs4|U*aM\G5nFmQOghSv71\T7;=F>b#lrHL}obsb)3bkL/6O-}i21J!5v)5T5\Hyku;M?Eaqkv#aD8]F.,H@bLz1u+V2~4IFsKXy5l.wQg#(").Rr02YNwLFz.$NjuT|M|Y)~_4<Z<''9Kf>D\ZWRdwn2dp}l[Vsp{1N;(401) 914-2250 x7169;invoice;alarm Jamaica;Morganbury;Aruba
10;Dell;Mann;FEMALE;}vDAiQEWi_iv"^kdX>scj=/s6KHJ1w=DhuOpeTJZSdFuK}C@UvESdEU/QR{|2<E8:vF-lOV/+n&nfu;<|1vK=JU<8YCfDZV`dy+8pAR.tJ<Or`)|8$p*g)kKI1zymN~s[5W^(|8}JI0ZGhH>d.$IK='%kpe|%;389-714-0074;Hollow Shoes systems;Generic Frozen Tuna HTTP;West Adrienne;Netherlands Antilles
